"loss_aversion","no_loss_aversion"
8989.05792557658,8892.3732920893
