,accuracy,block,penalDist,penaltyPos,penaltyVal,pokePos,pokeTime,pokeType,releaseTime,rewardVal,score,sepDist,targDist,targSize,targetPos,tooSlow,trial
0,1,0,59.4138031101,"[32.0, 0.0]",-5.0,"[-27, 7]",0.7670839692,1,0.282691275002,1.0,1.0,32.0,27.892651362,64.0,"[0.0, 0.0]",False,59
1,-2,0,44.4072066223,"[144.0, -100.0]",0.0,"[138, -144]",4.52058404917,4,0.666742381407,1.0,-5.0,44.0,58.137767415,64.0,"[100.0, -100.0]",True,58
2,1,0,55.3263047745,"[-144.0, 0.0]",-1.0,"[-89, 6]",0.799766305834,1,0.265321047045,1.0,1.0,-44.0,12.5299640861,64.0,"[-100.0, 0.0]",False,57
